univers,type,valeur,genre,signification,culture,origine
reel,français," Mégane",f,,,
reel,français,Aaron,m,"celui qui vient après",hébreu,
reel,irlandais,Abaigh,f,joie|père,hébreux,abigail
reel,irlandais,Aban,m,aubépine|blanc,,alban
reel,irlandais,Abban,m,,,alban
reel,irlandais,Abbie,f,joie|père,hébreux,abigail
reel,français,Abdon,m,serviteur,hébreu,
reel,français,Abdonie,f,,hébreu,abdon
reel,français,Abdonise,f,,hébreu,Abel
reel,français,Abel,m,"le fils",hébreu,
reel,français,Abélard,m,,hébreu,Abel
reel,français,Abélie,f,,hébreu,Abel
reel,français,Abelin,m,,hébreu,Abel
reel,français,Abeline,f,,hébreu,Abel
reel,français,Abelle,f,,hébreu,abel
reel,nord-amérindien,Abequa,f,"reste à la maison",Algonquien,
reel,nord-amérindien,Abey,f,feuille,"Peuple Sioux|tribu Omaha",
reel,nord-amérindien,Abeytu,f,"feuille verte","Peuple Sioux|tribu Omaha",
reel,hindou,Âbha,f,Éclat|Beauté,,
reel,hindou,Abhay,m,"Intrépide|[un des fils de Dhritarashtra, dans le Mahâbhârata]",,
reel,hindou,Abhaya,f,Sans|Crainte,,
reel,irlandais,Abhcan,m,petite|nain,celtique,
reel,hindou,Abhijit,m,Victorieux|constellation,,
reel,hindou,Abhilash,m,Désir,,
reel,hindou,Abhilasha,f,Désir,,
reel,hindou,Abhimanyu,m,fils|Arjuna,,
reel,hindou,Abhinav,m,Nouveau,,
reel,hindou,Abhiruchi,f,Belle,,
reel,hindou,Abhirup,m,Agréable,,
reel,hindou,Abhisarika,f,Bien-aimée,,
reel,hindou,Abhishek,m,"cérémonie|[on verse l'eau et le lait sacrés sur un objet à bénir]",,
reel,hindou,Abhra,m,Nuage,,
reel,irlandais,Abiageal,f,joie|père,hébreux,abigail
reel,français,Abigaëlle,f,"joie du père|source de joie",hébreu,abigaelle
reel,français,Abigaïl,f,,hébreu,abigaelle
reel,hindou,Aboli,f,fleur,,
reel,français,Abondance,m,opulence,latin,
reel,français,Abraham,m,"père d'une multitude de nations",hébreu,
reel,français,Absalon,m,"la paix",hébreu,
reel,français,Acace,m,l'innocence,grec,
reel,français,Acaciane,f,,grec,acacie
reel,français,Acacie,f,,grec,acace
reel,français,Acanthe,f,,grec,acacie
reel,français,Achaire,m,"le remède",grec,
reel,hindou,Achala,f,Sans-fin|Constante|Montagne,,
reel,français,Achille,m," du nom du héros de l'épopée homérique",grec,
reel,hindou,Achintya,m,"Au-delà de la Compréhension",,
reel,hindou,Achyuta,m,"Impérissable|[nom de Vishnu]",,
reel,français,Adalard,m,noble|dure,germanique,
reel,français,Adalbald,m,noble|hardi,germanique,
reel,français,Adalbaude,f,,germanique,abaldald
reel,français,Adalbéron,m,noble|ours,germanique,
reel,français,Adalbert,m,noble|illustre,germanique,
reel,français,Adalric,m,noble|puissant,germanique,
reel,français,Adalsinde,f,noble|doux,germanique,
reel,français,Adam,m,homme|terre,hébreu,
fantastic,elfe,Adanedhel,m,homme-elfe,,fantastic
reel,hindou,Adarsh,f,Miroir|Idéal,,
reel,hindou,Adarshini,f,Idéaliste,,
reel,français,Adegrin,m,noble|cruel,germanique,
reel,français,Adegrine,f,,germanique,adegrin
reel,français,Adel,m,noble,germanique,
reel,français,Adélaïde,f,,germanique,adèle
reel,français,Adèle,f,,germanique,adel
reel,français,Adélice,f,,germanique,adèle
reel,français,Adélie,f,,germanique,adèle
reel,français,Adelin,m,noble|doux,germanique,
reel,français,Adeline,f,,germanique,adelin
reel,français,Adelphe,m,"le frère",grec,
reel,français,Adeltrude,f,noble|fidèle,germanique,
reel,français,Adenet,m,,hébreu,adam
reel,français,Adéodat,m,"Dieu a donné",latin,
reel,hindou,Adesh,m,Commandement,,
reel,irlandais,Adhamhan,m,terre|rouge,hébreux,aza
reel,français,Adhémar,m,noble|illustre,germanique,
reel,hindou,Adhik,m,"Plus Grand",,
reel,hindou,Adhika,f,Surabondance,,
reel,hindou,Adhira,f,Éclair,,
reel,hindou,Adhita,f,Éduquée,,
reel,hindou,Âdhya,f,Premier|Pouvoir,,
reel,hindou,Âdi,m,"Premier|le Plus Important",,
reel,hindou,Adil,m,Juste,,
reel,hindou,Adinath,m,"Premier|Seigneur|[un nom de Vishnu]",,
reel,hindou,Adishri,f,Exaltée,,
reel,hindou,Adit,m,"Premier Né",,
reel,hindou,Aditi,f,"[Sans limite Divinité védique]",,
reel,hindou,Aditya,m,"Fils de l'Infini|[un des noms du Soleil]",,
reel,français,Adjutor,m,"celui qui aide",latin,
reel,irlandais,Adnae,m,âgé,,
reel,français,Adolphe,m,noble|loup,germanique,
reel,français,Adolphie,f,,germanique,adolphe
reel,français,Adon,m,,phénicien,adonis
reel,français,Adonis,m,prince,phénicien,
reel,français,Adonise,f,,phénicien,adonis
warcraft,elfe,Adora,f,,"Pretresse de la lune",warcraft
reel,français,Adraste,m,,grec,
reel,français,Adrastée,f,"de qui on ne peut échapper",grec,adraste
reel,français,Adrehilde,f,noble|combat,germanique,
reel,nord-amérindien,Adriel,m,"castor|symbole d'adresse",,
reel,français,Adrien,m,"ville de Vénétie",latin,
reel,français,Adrienne,f,,latin,adrien
reel,hindou,Adrika,f,Céleste,,
fantastic,elfe,Adûnakhôr,m,"seigneur de l'Ouest",,fantastic
reel,irlandais,Aed,m,,,aodh
reel,irlandais,Aedan,m,,,aed
fantastic,elfe,Aeglos,m,"pointe de neige",,fantastic
fantastic,elfe,Aegnor,m,"feu cruel",,fantastic
reel,français,Aelis,f,,,
reel,irlandais,Aengus,m,,,oengus
fantastic,elfe,Aerandir,m,"vagabond des mers",,fantastic
fantastic,elfe,Aerin,f,étoile-reine,,fantastic
reel,irlandais,Affraic,f,,,affrica
reel,irlandais,Affrica,f,plaisante|agréable,,
reel,irlandais,Afric,f,,,affrica
reel,irlandais,Africa,f,,,affrica
reel,irlandais,Afrika,f,,,affrica
warcraft,humain,Agamand,m,,paladin,warcraft
reel,français,Agapet,m,l'amour,grec,
reel,irlandais,Agate,f,bonté|gentillesse,,
reel,français,Agathange,m,"bon|brave au combat|messager",grec,
reel,français,Agathe,f,"bon|brave au combat",grec,agathon
reel,français,Agathon,m,,grec,
reel,hindou,Agendra,m,"montagne|[un nom de l'Himalaya]",,
reel,français,Agénor,m,,germanique,agilbert
warcraft,humain,Aggronor,m,,"Roi de la montagne",warcraft
reel,irlandais,Aghaistin,f,grand|vénérable,latin,aogusta
reel,hindou,Aghanashini,f,"[Destructrice du Péché]",,
reel,irlandais,Aghna,f,agneau,,
reel,français,Agilbert,m,otage|célèbre|brillant,germanique,
reel,français,Agilberte,f,,germanique,agilbert
reel,français,Aglaé,f,"éclat|rayonnante de beauté|parure",grec,
reel,français,Agnan,m,chaste|innocent,grec,
reel,français,Agnane,f,,grec,agnan
reel,français,Agneflète,f,chaste|innocent|pleuré,grec,
reel,français,Agnel,m,,grec,agnan
reel,français,Agnès,f,pure,grec,
reel,hindou,Agniprava,m,Eclatant|Feu,,
reel,hindou,Agnishikha,f,Flammes|Feu|Divin,,
reel,irlandais,Agnoman,m,,irlandais,
reel,hindou,Agrata,f,Direction,,
reel,hindou,Agrima,f,Direction,,
reel,français,Agrippin,m,propriétaire,latin,
reel,français,Agrippine,f,,latin,agrippin
reel,irlandais,Aguistin,m,consacré|augures,latin,augustin
reel,hindou,Ahalya,f,"[femme d'un sage de la mythologie, sauvée par Rama]",,
reel,hindou,Âheli,f,Pure,,
reel,hindou,Ahladita,f,Bonne-Humeur,,
reel,tahitien,Ahumere,f,robe|chagrin|père|parent,,
reel,tahitien,Ahutiare,f,robe|fleurs,,
reel,tahitien,Ahuura,x,"robe|rouge|royale|coucher de soleil",,
reel,irlandais,Ai,m,,,
reel,irlandais,Aibhistin,f,,,aghaistin
reel,irlandais,Aidlinn,f,,celtique,
reel,irlandais,Aidrian,f,,latin,adrian
reel,irlandais,Aife,f,,,aoife
reel,irlandais,Aifric,f,,irlandais,affrica
reel,français,Aignan,m,,grec,agnan
reel,français,Aignane,f,,grec,agnan
reel,irlandais,Aignéis,f,,,aghna
reel,irlandais,Ailbert,m,tout|brillant,germanique,aoperzh
reel,irlandais,Ailbhis,m,,,alban
reel,irlandais,Ailean,m,,,alan
reel,irlandais,Aileen,f,,,aidlinn
reel,irlandais,Aileene,f,,,aidlinn
reel,irlandais,Ailene,f,bétail|richesse,breton,elen
reel,irlandais,Ailfred,m,,breton,aofred
reel,irlandais,Ailfrid,m,,,ailfred
reel,irlandais,Ailill,m,fantôme,irlandais,
reel,irlandais,Ailin,m,foan,gallois,alan
reel,irlandais,Ailina,f,,,ailin
reel,irlandais,Ailionora,f,richesse|honneur,,
reel,irlandais,Ailis,f,noble|lande,germanique,aziliz
reel,irlandais,Ailisa,f,,,ailis
reel,irlandais,Ailise,f,,,ailisa
reel,irlandais,Ailish,f,,,ailisa
reel,irlandais,Ailse,f,,,ailisa
reel,français,Aimable,m,"qui mérite d'être aimé",latin,
reel,tahitien,Aimata,x,"possession|visage|œil|mangeur d'yeux|clin d'œil",,
reel,français,Aimé,m,"l'Aimé de Dieu",latin,
reel,français,Aimée,f,,latin,aimé
reel,irlandais,Aimiliona,f,travailleuse,germanique,amélia
reel,irlandais,Aina,f,grâce|gracieuse,hébreux,hannah
reel,irlandais,Aindiru,m,,,aindreas
reel,irlandais,Aindreas,m,courageux|viril,grec,andrec
reel,irlandais,Aine,f,,,aina
reel,irlandais,Aingeal,f,messagère,grec,angellos
reel,irlandais,Airmed,f,mesure,irlandais,
reel,irlandais,Airt,m,,,artur
reel,hindou,Aishani,f,"[un nom de la déesse Durga]",,
reel,hindou,Aishi,f,Don|Dieu,,
reel,hindou,Aishvarya,f,Abondance,,
reel,hindou,Aishwarya,f,Abondance,,
reel,irlandais,Aislin,f,,,aisling
reel,irlandais,Aisling,f,rêve|vision,celtique,
reel,irlandais,Aislinn,f,,,aisling
reel,irlandais,Aithbhreac,f,plaisante|agréable,gaélique,
reel,irlandais,Aithirne,m,,irlandais,
reel,nord-amérindien,Aiyanna,f,"Fleur éternelle",,
reel,hindou,Aja,f,"Non-née|Chèvre|[nom d'une épouse de Shiva]",,
reel,hindou,Ajala,f,"[un nom de la Terre]",,
reel,hindou,Ajatashatru,m,"sans ennemi|[Celui dont l'ennemi n'est pas né]|[un des [noms de Vishnu]",,
reel,hindou,Ajay,m,Invincible,,
reel,hindou,Ajeya,f,Invincible,,
reel,hindou,Ajit,m,"#voir Ajay",,
reel,hindou,Ajita,f,Victorieuse,,
reel,hindou,Ajitabh,m,Conquérant|Ciel,,
reel,hindou,Akalmash,m,"immaculé|[sans tâche]",,
reel,hindou,Akand,m,Calme,,
reel,hindou,Akanksha,f,Désir|Souhait,,
reel,hindou,Akash,m,"Ether|[le cinquième élément]",,
reel,hindou,Akhil,m,Roi|Seigneur,,
reel,hindou,Akhilesh,m,"Indestructible|[Seigneur de toute chose]",,
warcraft,orc,Akinos,x,,Maitre-Lame,warcraft
reel,hindou,Aklima,f,Premier|Pas,,
reel,hindou,Akriti,f,Forme,,
reel,hindou,Akshan,m,Œil,,
reel,hindou,Akshara,f,Lettre,,
reel,hindou,Akshata,f,Riz,,
reel,hindou,Akshay,m,Indestructible,,
reel,hindou,Akshaya,f,Indestructible,,
reel,hindou,Akshit,m,Permanent,,
reel,hindou,Akshita,f,"[Celle qui est Vue]",,
reel,hindou,Akul,m,"[un nom de Shiva]",,
reel,hindou,Akuti,f,"princesse|[nom d'une princesse Nom d'une des trois filles de Manu, le premier homme]",,
reel,irlandais,Alabhaois,m,tout|sage,germanique,
fantastic,Nain,Alabran,m,"Fureur des neiges",,fantastic
fantastic,Nain,Alabrane,f,"Colère loyale",,fantastic
fantastic,Nain,Alabri,m,"Nuit qui gronde",,fantastic
fantastic,Nain,Alabria,f,"Pic des neiges",,fantastic
fantastic,Nain,Alabrie,f,"Protecteur des mineurs",,fantastic
fantastic,Nain,Alabrilin,m,"Mort blanche",,fantastic
fantastic,Nain,Alabrin,m,"Bouclier de la lanterne",,fantastic
fantastic,Nain,Alabrinn,m,"Glaive des mineurs",,fantastic
fantastic,Nain,Alabrinne,f,"Cervoise de la lanterne",,fantastic
fantastic,Nain,Alabrira,f,"Bouclier des neiges",,fantastic
fantastic,Nain,Alabrond,m,"Pierre du tunnel",,fantastic
fantastic,Nain,Alabrunda,f,"Armure magnanime",,fantastic
reel,français,Alain,m,beau|harmonieux,indo-européen,
reel,irlandais,Alaina,f,foan,gallois,alana
reel,français,Alaine,f,,indo-européen,alain
reel,hindou,Alaka,f,Belle|Chevelure,,
reel,hindou,Alaknanda,f,"Parfaite|rivière|[rivière himalayenne]",,
reel,irlandais,Alanagh,f,,,alaina
warcraft,mort-vivant,Alandil,m,,liche,warcraft
reel,irlandais,Alanna,f,,,alaina
reel,irlandais,Alannah,f,,,alaina
reel,irlandais,Alaois,m,,,alabhaois
reel,irlandais,Alastar,m,protéger|défendre|homme,grec,alexandre
reel,irlandais,Alastrann,m,,,alastar
reel,irlandais,Alastrina,f,,,alastar
reel,irlandais,Alastrine,f,,,alastrina
reel,irlandais,Alastriona,f,,,alastrina
reel,irlandais,Alastrom,m,,,alastar
reel,irlandais,Alayna,f,,,alaina
reel,irlandais,Alayne,f,,,alaina
reel,français,Alban,m,blanc,latin,
reel,français,Albane,f,,latin,alban
reel,français,Albérade,f,,,
reel,français,Albéric,m,noble|célèbre|puissant,germanique,
reel,français,Albert,m,noble|célèbre,germanique,
reel,français,Alberte,f,,germanique,albert
reel,français,Albertet,m,,germanique,albert
reel,français,Albertine,f,,germanique,albert
reel,français,Albin,m,,latin,alban
reel,français,Albine,f,,latin,alban
reel,irlandais,Alby,f,,,alban
reel,français,Alcée,m,,grec,alcide
reel,français,Alcibiade,m,"confiant dans sa force",grec,
reel,français,Alcide,m,"confiant dans sa force",grec,
reel,français,Alcidie,f,,grec,alcide
reel,français,Alcime,m,vaillant,latin,
reel,français,Alcine,f,"confiant dans sa force",grec,
reel,français,Alcyone,f,"la mer|concevoir",grec,
fantastic,elfe,Aldaron,m,"seigneur des arbres",,fantastic
reel,français,Aldebert,m,,germanique,albert
reel,français,Aldegonde,f,noble|guerre,germanique,
reel,français,Aldegrin,m,,germanique,adegrin
reel,français,Aldemar,m,,germanique,adhémar
reel,français,Aldéric,m,,germanique,aldric
reel,français,Aldonce,m,ancien,germanique,
reel,français,Aldric,m,ancien|puissant|roi,germanique,
reel,français,Aleaume,m,noble|casque,germanique,
reel,français,Aleth,f,"celle qui a des ailes",latin,
reel,irlandais,Alexandra,f,protéger|défendre|homme,grec,alexandre
reel,français,Alexandre,m,repousser|guerrier,grec,
reel,irlandais,Alexandrina,f,,,alexandra
reel,français,Alexandrine,f,,grec,alexandre
reel,français,Alexane,f,,grec,alexis
reel,français,Alexiane,f,,grec,alexane
reel,français,Alexie,f,,grec,alexis
reel,français,Alexine,f,,grec,alexane
reel,français,Alexis,m,repousser|protéger,grec,
warcraft,mort-vivant,Algammon,m,,"Seigneur de L'effroi",warcraft
reel,français,Alice,f,vérité,grec,
reel,français,Aliénor,f,,occitane,eleonore
reel,français,Aliette,f,,latin,aleth
reel,français,Aline,f,,germanique,adeline
reel,hindou,Alisha,f,"[Protégée de Dieu]",,
reel,irlandais,Alisson,f,,,ailis
reel,français,Alix,x,,grec,alice
reel,hindou,Âliya,f,Grande|Excellente,,
reel,français,Alizé,f,alizé,,
reel,irlandais,Allistair,m,,,alastar
reel,irlandais,Allister,m,,,alastar
reel,hindou,Almas,f,Diamant,,
reel,français,Almine,m,bienfaisant,latin,
reel,français,Almire,m,casque|célèbre,germanique,
reel,français,Aloïs,m,tout|sage|savant|lettré,germanique,
reel,français,Aloïse,x,tout|sage|savant|lettré,germanique,
reel,hindou,Alok,m,"[belle chevelure]",,
reel,hindou,Aloki,f,Brillance,,
reel,français,Aloys,m,,germanique,aloïs
reel,français,Aloyse,f,,germanique,aloïs
reel,hindou,Alpa,f,Petite,,
reel,hindou,Alpana,f,"decoration|[nom bengali d'un type de motif décoratif au sol (kolam, rangoli)]",,
reel,français,Alphée,m,dieu|fleuve,grec,
reel,français,Alphonse,m,tout|prompt|vif,germanique,
reel,français,Alphonsie,f,,germanique,alphonse
reel,français,Alphonsine,f,,germanique,alphonse
reel,français,Alpinien,m,saint,latin,alphonse
reel,hindou,Alpona,f,"decoration|[nom bengali d'un type de motif décoratif au sol (kolam, rangoli)]",,
reel,français,Althée,f,mauve,latin,
reel,français,Alverède,m,elfe|conseil,latin,
reel,irlandais,Alyson,f,,,allison
reel,nord-amérindien,Ama,f,eau,"Peuple Cherokee",
reel,français,Amadis,m,,latin,amédée
reel,hindou,Amal,m,Pur|Eclatant,,
reel,hindou,Amala,f,Pure,,
reel,hindou,Amalendu,m,"[Pur comme la Lune]",,
reel,hindou,Amalesh,m,Pur|Eclatant,,
reel,français,Amaliane,f,puissant|peuple,germanique,
reel,français,Amalric,m,noble|puissant|roi,germanique,
reel,français,Amalthée,f,"corne d'abondance",grec,
reel,hindou,Aman,m,Paix,,
reel,français,Amande,f,"grande mère",hébreu,
fantastic,elfe,Amandil,m,"l'amoureux d'Aman",,fantastic
reel,français,Amandin,m,aimable,latin,
reel,français,Amandine,f,,latin,amandin
reel,français,Amant,m,"qui aime",latin,
reel,français,Amante,f,,latin,amante
reel,français,Amantine,f,,latin,amante
reel,hindou,Amar,m,Immortel,,
reel,hindou,Amara,f,Sans-fin,,
reel,français,Amarande,f,,grec,amaranthe
reel,français,Amaranthe,f,"ne se flétrit pas",grec,
reel,irlandais,Amargein,m,chant|oiseau,irlandais,
fantastic,elfe,Amarië,m,soleil,,fantastic
reel,nord-amérindien,Amarok,m,Loup,,
reel,français,Amaryllis,f,resplendir,grec,
reel,français,Amarynthe,f,"déesse Diane",grec,
reel,français,Amaury,m,puissant|roi|seigneur,germanique,
reel,hindou,Ambar,m,Ciel,,
reel,hindou,Ambika,f,"[une des épouses de Shiva, nom aussi d'une des Apsaras]",,
reel,français,Ambre,f,,grec,ambroisie
reel,français,Ambrine,f,,grec,ambroisie
reel,français,Ambroise,m,immortel,grec,
reel,français,Ambroisie,f,,grec,ambroise
reel,français,Ambroisine,f,,grec,ambroisie
reel,irlandais,Ambros,m,immortel,grec,ambroise
reel,hindou,Ambu,f,Eau,,
reel,hindou,Ambud,m,Nuage,,
reel,hindou,Ambuda,f,Nuage,,
reel,hindou,Ambuja,f,"[Née de l'Eau]|Lotus|[un nom de la déesse Lakshmi]",,
reel,français,Amédée,m,"aimé de Dieu",latin,
reel,français,Ameliane,f,,grec,amélie
reel,français,Amélie,f,tendre,grec,amélien
reel,français,Amélien,m,,grec,
reel,français,Ameline,f,,grec,amélie
reel,français,Améthyste,f,"protégé de l'ivresse",grec,
reel,hindou,Ameya,m,Illimité,,
reel,irlandais,Amhlaoibh,m,,irlandais,olaf
reel,hindou,Ami,f,Nectar|Ambroisie,,
reel,français,Amiel,m,émule,latin,
reel,hindou,Amilhtha,f,"Immortelle|nectar|divin|[nom du nectar divin de vie éternelle",,
reel,hindou,Amilhthini,f,"Douce|Ambroisie|[qui apporte à la vie]",,
reel,français,Aminte,f,"qui aime",latin,
reel,hindou,Amirtha,f,"Immortelle|nectar|divin|[nom du nectar divin de vie éternelle",,
reel,hindou,Amirthini,f,"Douce|Ambroisie|[qui apporte à la vie]",,
reel,hindou,Amish,m,Honnête,,
reel,hindou,Amishi,f,Pure,,
reel,hindou,Amit,m,"infini|[Sans fin]",,
reel,hindou,Amita,f,Sans-Limites,,
reel,hindou,Amitabh,m,Lustre|Splendeur|Infinie,,
reel,hindou,Amitava,m,Lustre|Splendeur|Infinie,,
reel,hindou,Amitesh,m,Dieu|Infini,,
reel,hindou,Amitiyoti,m,"[Éclat sans limite]",,
reel,hindou,Amitrasudan,m,"[Destructeur des ennemis]",,
reel,hindou,Amiya,f,Délicieuse,,
fantastic,elfe,Amlach,m,soleil,,fantastic
reel,hindou,Amlankusum,m,"[fleur impérissable]",,
reel,hindou,Amoda,f,Joie,,
reel,hindou,Amodini,f,Joyeuse,,
reel,hindou,Amogh,m,Infaillible,,
reel,hindou,Amol,m,Inestimable,,
reel,hindou,Amolika,f,Inestimable,,
reel,irlandais,Amorgen,m,chant|naissance,irlandais,
reel,français,Amour,m,amour,latin,
fantastic,elfe,Amras,m,soleil,,fantastic
reel,hindou,Amrit,m,Nectar,,
reel,hindou,Amrita,f,"Immortelle|nectar|divin|[nom du nectar divin de vie éternelle",,
fantastic,elfe,Amrod,m,soleil,,fantastic
reel,hindou,Amrusha,f,Soudaine,,
reel,hindou,Amshul,m,Brillant,,
reel,hindou,Amshula,f,Ensoleillée,,
reel,hindou,Amukta,f,"Précieuse|[Que l'On ne Peut Toucher]",,
reel,hindou,Amul,m,Inestimable,,
reel,hindou,Amulya,f,Inestimable,,
reel,hindou,Amutha,f,"Immortelle|nectar|divin|[nom du nectar divin de vie éternelle",,
reel,irlandais,Amwn,m,inconnue,irlandais,
reel,nord-amérindien,Anaba,f,"elle rentre de la bataille",,
reel,français,Anaël,m,répondre|Dieu,hébreu,
reel,français,Anaelle,f,,hébreu,anael
reel,hindou,Anagha,f,Sans-Péché,,
reel,hindou,Anahita,f,Gracieuse,,
reel,français,Anaïs,f,,hébreu,anne
reel,hindou,Anamika,f,Annulaire,,
reel,hindou,Anand,m,"[bonheur suprême]",,
reel,hindou,Ananda,m,"[bonheur suprême]",,
reel,hindou,Anandamayi,f,Joyeuse,,
reel,hindou,Anandini,f,Joyeuse,,
reel,hindou,Anandita,f,"bonheur|[Celle qui apporte le bonheur]",,
reel,hindou,Ananga,m,"desir|[un nom de Kâma, dieu du Désir]",,
reel,hindou,Anant,m,"Infini|[nom du serpent représentant l'éternité]",,
reel,hindou,Ananta,m,"Infini|[nom du serpent représentant l'éternité]",,
reel,hindou,Anantram,m,Dieu|Infini,,
reel,hindou,Ananya,f,Inestimable,,
fantastic,elfe,Anar,m,soleil,,fantastic
warcraft,elfe,Anara,f,,"Pretresse de la lune",warcraft
reel,hindou,Anarghya,f,Inestimable,,
fantastic,elfe,Anárion,m,"les mâchoires de la soif",,fantastic
reel,français,Anastase,m,renaissance|résurrection,grec,
reel,français,Anastasiane,f,,grec,anastasie
reel,français,Anastasie,f,,grec,anastase
reel,hindou,Anasuya,f,"Charité|[Ève hindoue]",,
reel,français,Anatole,m,"celui qui vient du Levant",grec,
reel,français,Anatolie,f,,grec,antatole
reel,français,Anatoline,f,,grec,anatole
reel,hindou,Anbarasi,f,Reine|Compassion,,
fantastic,elfe,Ancalagon,m,"les mâchoires de la soif",,fantastic
reel,français,Ancelin,m,serviteur,latin,
reel,français,Anceline,f,,latin,ancelin
reel,hindou,Anchal,f,Abri,,
reel,hindou,Anchita,f,Vénérée,,
reel,français,Andelin,m,,latin,adeline
reel,français,Andéol,m,,grec,andré
reel,français,Andoche,x,,grec,andré
reel,français,André,m,viril,grec,
reel,français,Andrée,f,,grec,andré
reel,anglais,Andrew,m,NULL,NULL,NULL
warcraft,humain,Andromath,m,,archimage,warcraft
reel,français,Anémone,f,"le vent",grec,
fantastic,elfe,Anfauglir,m,"les mâchoires de la soif",,fantastic
fantastic,elfe,Anfauglith,m,"poussière d'agonie",,fantastic
reel,hindou,Angada,m,"Bracelet|[nom d'un des fils de Lakshmana]",,
reel,français,Angadrême,f,lame|combattre,germanique,
reel,hindou,Angana,f,Femme|Séduisante,,
reel,hindou,Angarika,f,Flamme|Forêt|fleur,,
reel,hindou,Angayarkanni,f,Reine|Vierges,,
reel,hindou,Angayarkkarasi,f,"Reine|Poissons|[nom d'une reine de la dynastie Pândya]",,
reel,français,Ange,x,messager,grec,
reel,français,Angela,f,,grec,ange
reel,français,Angelin,m,,grec,ange
reel,français,Angeline,f,,grec,ange
reel,français,Angélique,f,,grec,ange
reel,nord-amérindien,Angeni,f,ange,Potawatomi|Ojibwe,
reel,hindou,Angha,f,Beauté,,
reel,hindou,Angi,f,beaux|doigts,,
reel,français,Angilbe,m,ange|brillant,germanique,
reel,français,Angilbert,m,,germanique,
reel,français,Angilberte,f,,germanique,angilbert
reel,français,Angilran,m,,germanique,euguerrand
reel,français,Anglebert,m,,germanique,angilbert
reel,français,Angoustan,m,,latin,auguste
fantastic,elfe,Angrod,m,"le dispensateur",,fantastic
reel,hindou,Ani,f,Ornement,,
reel,français,Anicée,x,,grec,anicet
reel,français,Anicet,m,invincible,grec,
reel,français,Anicette,f,,grec,anicet
reel,hindou,Anil,m,Vent,,
reel,hindou,Anindita,f,Belle,,
reel,hindou,Aniruddha,m,"[Sans ennemi]|Incontrôlé|[un nom de Vishnu]",,
reel,hindou,Anirudh,m,"[Sans ennemi]|Incontrôlé|[un nom de Vishnu]",,
reel,hindou,Anirvan,m,Immortel,,
reel,français,Anis,m,,,
reel,hindou,Anish,m,Suprême,,
reel,hindou,Anisha,f,Continuelle,,
reel,hindou,Anita,f,Grâce,,
reel,hindou,Aniya,f,Créative,,
reel,hindou,Anjali,f,Offrande|Vénération,,
reel,hindou,Anjana,f,"[nom de la mère de Hanuman]",,
reel,hindou,Anjika,f,Bénie,,
reel,hindou,Anjini,f,"[nom de la mère de Hanuman]",,
reel,hindou,Anju,f,"[Celle qui est dans le Cœur]",,
reel,hindou,Anjuman,m,Symbole,,
reel,hindou,Anjushri,f,Chère|Cœur,,
reel,hindou,Ankit,m,Conquis,,
reel,hindou,Ankita,f,Conquise,,
reel,hindou,Ankur,m,Germe,,
reel,français,Annabelle,f,"Anne la Belle",hébreu,anne
fantastic,elfe,Annael,m,"le dispensateur",,fantastic
reel,hindou,Annapurna,f,"[Celle qui Donne de la Nourriture]|[un nom de Parvati]",,
fantastic,elfe,Annatar,m,"le dispensateur",,fantastic
reel,français,Anne,x,Grâce,hébreu,
reel,français,Annette,f,,hébreu,anne
reel,français,Annibal,m,grâce|seigneur,hébreu,
reel,français,Annie,f,,hébreu,anne
reel,irlandais,Annoit,m,Eglise|reliques,irlandais,andoit
reel,français,Annonciade,f,,,
reel,irlandais,Annraoi,m,maison|roi,irlandais,herri
reel,irlandais,Anntoin,m,inestimable,irlandais,antoine
reel,hindou,Anoki,f,Différente,,
reel,hindou,Anoop,m,Incomparable,,
reel,irlandais,Anrai,m,,,annraoi
reel,français,Ansbert,m,divinité|brillant,germanique,
reel,français,Ansberte,f,,germanique,ansbert
reel,français,Anselme,m,"divinité  protection",germanique,
reel,hindou,Anshu,m,Rayon|Soleil,,
reel,hindou,Anshula,f,Ensoleillée,,
reel,hindou,Anshuman,m,"[nom du Soleil]",,
reel,français,Anstrudie,f,divinité|fidèle,germanique,
reel,hindou,Ansuya,f,Éduquée,,
reel,irlandais,Antain,m,,,anntoin
reel,irlandais,Antaine,m,,,anntoin
reel,français,Antheaume,m,,germanique,anselme
reel,français,Anthelme,m,,germanique,anselme
reel,français,Anthelmette,f,,germanique,anthelme
reel,français,Anthelmine,f,,germanique,anthelme
reel,français,Anthime,m,,germanique,anselme
reel,français,Antide,m,surpasse|excelle,latin,
reel,français,Antigone,f,"qui s'oppose|semence",grec,
reel,irlandais,Antoin,m,,,anntoin
reel,français,Antoine,m,,,
reel,français,Antoinette,f,,,antoine
reel,français,Antonin,m,,,antoine
reel,français,Antonine,f,,,antonin
reel,hindou,Anu,f,Atome,,
warcraft,elfe,Anubris,f,,"gardien du bosquet",warcraft
reel,hindou,Anugraha,f,Bénédiction|Divine,,
reel,hindou,Anugya,f,Permission,,
reel,hindou,Anukampa,f,Grâce|Divine,,
reel,hindou,Anulekha,f,Belle|Image,,
reel,hindou,Anunay,m,Consolation,,
reel,hindou,Anupa,f,Unique|inegalée,,
reel,hindou,Anupam,m,Incomparable,,
reel,hindou,Anupama,f,Unique|inegalée,,
reel,hindou,Anupriya,f,Unique|inegalée,,
reel,hindou,Anura,f,Connaissance,,
reel,hindou,Anuradha,f,Adoration|Perpétuelle|étoile,,
reel,hindou,Anurag,m,Attachement|Dévotion,,
reel,hindou,Anusha,f,Beauté|Matin,,
reel,hindou,Anuva,f,Connaissance,,
reel,hindou,Anvesha,f,Quête,,
reel,irlandais,Aobh,f,beauté,irlandais,aoibh
reel,irlandais,Aoden,m,,,aodh
reel,irlandais,Aodh,m,,irlandais,aeduo
reel,irlandais,Aodha,m,,,aodh
reel,irlandais,Aodhán,m,,,aodh
reel,irlandais,Aoibheann,f,belle,gaélique,aoibh
reel,irlandais,Aoibhín,f,,,aoibheann
reel,irlandais,Aoife,f,,gaélique,aoife
reel,irlandais,Aonghus,m,,irlandais,oengus
reel,hindou,Apala,f,Très|Belle,,
reel,hindou,Aparajita,f,Invincible|fleur,,
reel,hindou,Aparna,f,"[un nom de Parvati]",,
reel,français,Aphélie,f,loin|soleil,grec,
reel,irlandais,Aphria,f,,irlandais,aithbhreac
reel,français,Aphrodite,f,écume,grec,
reel,français,Apollinaire,m,Apollon|lumière,grec,
reel,français,Apolline,f,,grec,apollinaire
reel,français,Apollon,m,,grec,apollinaire
reel,français,Apollonie,f,,grec,apollinaire
reel,nord-amérindien,Aponi,f,papillon,,
reel,hindou,Apsara,f,Nymphe|Céleste,,
reel,hindou,Apurva,f,Unique,,
reel,nord-amérindien,Aquene,f,paix,,
reel,français,Aquilin,m,aigle,grec,
reel,français,Aquiline,f,,grec,aquilin
reel,français,Arabelle,f,exaucer,latin,
fantastic,elfe,Aradan,m,"la colère du roi",,fantastic
reel,hindou,Aradhana,f,Culte,,
warcraft,mort-vivant,Araj,m,,liche,warcraft
warcraft,mort-vivant,Aramachus,m,,"Seigneur de L'effroi",warcraft
fantastic,elfe,Aranel,m,"la colère du roi",,fantastic
fantastic,elfe,Aranrùth,m,"la colère du roi",,fantastic
fantastic,elfe,Aranwë,m,"le vaillant",,fantastic
warcraft,orc,Arashicage,x,,Maitre-Lame,warcraft
reel,hindou,Arati,f,Adoration|Feu|Rituel,,
reel,hindou,Aravinda,m,Lotus,,
reel,français,Arcade,m,"région | ancienne | Grèce | centre | Péloponnèse",grec,
reel,français,Arcadiane,f,,grec,arcadie
reel,français,Arcadie,f,,grec,arcade
reel,hindou,Archa,f,Culte,,
reel,français,Archambaud,m,,germanique,archibald
reel,français,Archambeau,m,,germanique,archibald
reel,hindou,Archana,f,Vénération,,
reel,français,Archange,x,"le plus puissant|le premier|messager",grec,
reel,français,Archibald,m,"au-dessus de|super|audacieux",germanique,
reel,hindou,Archisha,f,rayon|lumière,,
reel,irlandais,Ardal,m,,irlandais,ardghal
reel,irlandais,Ardghal,m,ours|valeur,irlandais,
reel,hindou,Ardhendu,m,Demi-Lune,,
fantastic,elfe,Aredhel,f,étoile-reine,,fantastic
fantastic,elfe,Argawaen,m,"le sanglant",,fantastic
reel,français,Argine,f,reine,latin,arian
reel,français,Arian,m,,latin,
reel,français,Ariane,f,séduisant,grec,
reel,français,Aricie,f,meilleur,grec,
warcraft,elfe,Ariel,f,lion|Dieu,"Pretresse de la lune",warcraft
reel,français,Arielle,f,,hébreu,ariel
fantastic,elfe,Arien,f,étoile-reine,,fantastic
reel,tahitien,Ariihau,m,roi|paix,polynésien,
reel,tahitien,Ariitaia,m,roi|respecter|craindre,polynésien,
reel,tahitien,Ariitea,m,prince|blanc|roi,polynésien,
reel,hindou,Arij,f,Doux|Parfum,,
reel,hindou,Ârini,f,Aventureuse,,
reel,français,Ariste,m,"le meilleur",grec,
reel,français,Aristide,m,"le meilleur|fils",grec,
reel,français,Aristion,m,,grec,ariste
warcraft,humain,Arius,m,,paladin,warcraft
reel,hindou,Arja,f,Divine,,
reel,hindou,Arjun,m,"Blanc|Paon|[célèbre personnage du Mahâbhârata]",,
reel,hindou,Arjuna,m,"Blanc|Paon|[célèbre personnage du Mahâbhârata]",,
reel,hindou,Arjuni,f,Aube|Vache|Blanche,,
reel,hindou,Arka,m,"[nom du Soleil]",,
reel,hindou,Arkita,f,Abondante,,
reel,français,Arlette,f,,germanique,
reel,français,Armance,f,,germanique,armande
reel,français,Armand,m,fort|homme,germanique,
reel,français,Armande,f,,germanique,armand
reel,français,Armandie,f,,germanique,armande
reel,français,Armandine,f,,germanique,armande
reel,français,Armel,m,ours|prince,celtique,
reel,français,Armeline,f,,celtique,armelle
reel,français,Armelle,f,,celtique,armel
reel,français,Armide,f,"magicienne sarrasine|Jérusalem Délivrée",sarrasin,
reel,français,Armin,m,aryen,sanskrit,
reel,français,Armine,f,,sanskrit,armin
reel,français,Arminie,f,,sanskrit,armine
reel,hindou,Armita,f,Désir,,
reel,français,Arnalde,m,,,arnaud
reel,français,Arnaud,m,,,
reel,français,Arnaude,f,,,arnaud
reel,hindou,Arnav,m,Océan,,
reel,français,Arnould,m,,,
reel,tahitien,Aroarii,m,face|prince|roi,polynésien,
reel,français,Arolde,m,force|gloire,germanique,
reel,irlandais,Arón,m,"celui qui vient après",hébreux,aaron
reel,hindou,Arpana,f,"[Celle qui a Renoncé]",,
reel,français,Arsène,m,mâle,grec,
reel,français,Arsènie,f,,grec,arsène
reel,hindou,Arshia,f,Divine,,
reel,français,Arsinoé,x,,grec,arsène
reel,irlandais,Art,m,ours,celtique,arth
reel,irlandais,Artegal,m,,,ardghal
reel,français,Artémis,f,,grec,arthème
reel,français,Arthaud,m,dure|ancien,germanique,
reel,français,Arthème,m,"intégrité physique|santé éclatante",grec,
reel,français,Arthur,m,Ours,celtique,
reel,français,Arthurine,f,,celtique,arthur
reel,irlandais,Artur,m,,celtique,arzhur
reel,hindou,Aruna,f,Rose|Aurore,,
reel,hindou,Arundhati,f,Fidélité|étoile,,
reel,hindou,Aruni,f,Rose|Aurore,,
reel,hindou,Arunima,f,Lueur|Aurore,,
reel,hindou,Arvind,m,Lotus|Rouge,,
fantastic,elfe,Arwen,f,étoile-reine,,fantastic
reel,hindou,Aryaman,m,"[nom du Soleil]",,
reel,hindou,Aryana,f,Noble,,
reel,hindou,Asao,m,Essence,,
reel,hindou,Asav,m,Essence,,
reel,français,Ascelin,m,noble,francique,
reel,français,Asceline,f,,francique,ascelin
reel,hindou,Ascharya,f,Surprise,,
reel,hindou,Asgari,f,Dévote,,
reel,hindou,Asha,f,Espérance,,
reel,nord-amérindien,Ashaisha,f,"Espoir Protecteur",,
reel,hindou,Ashakiran,f,Rayon|Espérance,,
reel,hindou,Ashika,f,insouciant,,
reel,hindou,Ashima,f,Sans|Limites,,
reel,hindou,Ashis,f,Bénédiction,,
reel,hindou,Ashish,m,Bénédiction,,
reel,hindou,Ashit,m,"Saturne|[Seigneur des Anneaux]",,
reel,irlandais,Ashling,f,,,aisling
reel,hindou,Ashna,f,Amie,,
reel,hindou,Ashok,m,"insouciant|[nom d'un très célèbre empereur de la dynastie des Maurya]",,
reel,hindou,Ashoka,m,"insouciant|[nom d'un très célèbre empereur de la dynastie des Maurya]",,
reel,hindou,Ashrita,f,"[fille de Prajapati]",,
reel,hindou,Ashutosh,m,"[nom de Shiva]",,
reel,hindou,Ashvatthama,m,"général|[nom d'un général du clan des Kaurava, dans le Mahâbhârata]",,
reel,hindou,"Ashvin ",m,"étoile|medecine|[les Ashvin sont les dieux jumeaux cavaliers, étoiles du matin et du soir, dieux de la médecine]",,
reel,hindou,Ashvini,f,étoile,,
reel,hindou,Ashwatthama,m,Fougueux,,
reel,hindou,Asim,m,"Sans limites",,
reel,hindou,Asita,f,"rivière|[un nom de la rivière Yamuna]",,
reel,hindou,Askini,f,"[fille de Prajapati]",,
reel,hindou,Aslam,m,Vœu,,
reel,irlandais,Aslandair,m,,,alastar
reel,irlandais,Aslander,m,,,alastar
reel,hindou,Aslesha,f,étoile,,
reel,irlandais,Asling,m,rêve,,
reel,irlandais,Aslinn,f,rêve,,
reel,hindou,Asmita,f,Fierté,,
reel,irlandais,Assa,f,facile,irlandais,
fantastic,elfe,Astaldo,m,"le vaillant",,fantastic
reel,français,Astérie,f,étoile,grec,
reel,français,Astrée,f,"corps célestes",grec,
reel,français,Astride,f,divinité|fidélité,germanique,
reel,hindou,Asuman,m,"force|vie|[seigneur du souffle vital]",,
reel,hindou,Atal,m,Inébranlable,,
reel,hindou,Atasi,f,fleur|bleue,,
reel,français,Athalie,f,"rosée de Dieu",hébreu,
reel,français,Athanase,m,immortel,grec,
reel,français,Athanasie,f,,grec,athanase
reel,hindou,Atharvan,m,"[Celui qui connaît l'Atharva-Veda]",,
reel,français,Athénaïs,f,,grec,athanasie
reel,français,Athina,f,,,
reel,hindou,Athîva,f,Ultime,,
reel,hindou,Atiriya,f,Très|aimée,,
reel,hindou,Atmaja,f,Fille,,
reel,hindou,Atmajyoti,m,"lumière|ame|[Lumière de l'Âme]",,
reel,hindou,Atmananda,m,"[Félicité de l'Ame]",,
reel,hindou,Atreyi,f,rivière,,
reel,hindou,Atul,m,"[Sans égal]",,
reel,hindou,Atulya,m,"[Sans égal]",,
reel,français,Aubane,f,,latin,albane
reel,français,Aube,f,,latin,albane
reel,français,Aubérie,m,,latin,albéric
reel,français,Aubert,m,,latin,albert
reel,français,Aubertin,m,,latin,albert
reel,français,Aubertine,f,,latin,albert
reel,irlandais,Aubeu,m,blanc|cheveux,latin,albin
reel,français,Aubin,m,,latin,alban
reel,français,Aubry,m,,,
reel,français,Aude,f,ancienne|expérimentée,germanique,
reel,français,Audebert,m,ancien|célèbre,germanique,
reel,français,Audeline,f,,germanique,aude
reel,français,Audette,f,,germanique,aude
reel,français,Audouin,m,ancien|ami,germanique,
reel,français,Audran,m,,germanique,aldric
reel,français,Audrey,f,haut|puissant|royal,celtique,
reel,français,Audric,m,,germanique,aldric
reel,français,Auguste,m,consacré|vénérable,latin,
reel,français,Augustin,m,,latin,auguste
reel,français,Augustine,f,,latin,auguste
reel,français,Aulde,f,,germanique,aude
reel,irlandais,Auliff,m,,,amhlaoibh
reel,irlandais,Auliffe,m,,,amhlaoibh
reel,français,Aure,f,,latin,auriane
reel,français,Aurèle,m,couvert|doré,latin,
reel,français,Aurélia,f,,latin,aurélie
reel,français,Aurélie,f,,latin,aurèle
reel,français,Aurélien,m,,latin,aurèle
reel,français,Aurélienne,f,,latin,aurélie
reel,français,Aurelle,f,,latin,aurèle
reel,français,Aurian,m,or,latin,
reel,français,Auriane,f,,latin,aurian
reel,français,Aurore,f,aurore,latin,
warcraft,humain,Aurrius,m,,paladin,warcraft
reel,français,Automne,f,saison|augmentée|enrichie,latin,
reel,français,Auxane,f,,latin,auxence
reel,français,Auxence,m,parfait,latin,
reel,hindou,Avani,f,"[un nom de la Terre]",,
reel,hindou,Avanindra,m,Seigneur|Terre,,
reel,hindou,Avanish,m,Dieu|Terre,,
reel,hindou,Avanti,f,"[nom de la ville d'Ujjain]",,
reel,hindou,Avantika,f,"princesse|[nom d'une princesse d'Ujjain]",,
reel,irlandais,Aveleen,f,,hébreux,aveline
reel,français,Aveline,f,aveline|noisette,latin,
reel,français,Avigaelle,f,,hébreu,abigaelle
reel,français,Avigaïl,f,,hébreu,abigaelle
reel,hindou,Avinash,m,Indestructible,,
reel,hindou,Avinashi,f,Indestructible,,
reel,hindou,Avkash,m,Espace|Illimité,,
reel,français,Avoye,f,,latin,aure
reel,français,Avril,f,ouvrir|printemps|floraison,latin,
reel,français,Axel,m,père|paix,hébreu,
reel,français,Axeline,f,,hébreu,axelle
reel,français,Axellane,f,,hébreu,axelle
reel,français,Axelle,f,,hébreu,axel
reel,hindou,Ayanna,f,Innocente,,
reel,hindou,Ayati,f,Royale,,
reel,français,Aymard,m,clan|familial|illustre,germanique,
reel,français,Aymardine,f,,germanique,aymard
reel,français,Aymeric,m,,germanique,emeric
reel,français,Aymon,m,,germanique,
reel,français,Aymond,m,,germanique,raymond
reel,français,Aymonde,f,,germanique,raymond
reel,hindou,Ayushi,f,Longue|Vie,,
reel,hindou,Ayushmati,f,longue|vie,,
reel,français,Azalée,f,desséché,grec,
reel,français,Azel,m,,germanique,adel
reel,français,Azélie,f,,germanique,adl
reel,français,Azeline,f,,germanique,adeline
reel,français,Azelle,f,,germanique,adel
reel,hindou,Badal,m,Nuage,,
reel,hindou,Badri,m,"[noms du dieu Vishnu] (Seigneur du Mont Badri)]",,
reel,hindou,Badrinath,m,"[noms du dieu Vishnu] (Seigneur du Mont Badri)]",,
reel,irlandais,Badurnn,m,,irlandais,
reel,hindou,Bahugandha,f,Parfumée,,
reel,hindou,Bahula,f,Vache|étoile,,
reel,hindou,Bahuleya,m,"[un nom du dieu Kartikeya]",,
reel,irlandais,Baibin,f,,,barbra
reel,hindou,Baidehi,f,"[un nom de Sita]",,
reel,hindou,Baijayanthi,f,"[nom de la guirlande du dieu Vishnu]",,
reel,irlandais,Baile,m,folie,,
reel,irlandais,Bairbre,f,,,barbra
reel,hindou,Baishali,f,ancienne|cité,,
reel,hindou,Bajrang,m,"[un nom du dieu Hanuman]",,
reel,hindou,Bakul,f,fleur,,
reel,hindou,Bakula,f,fleur,,
reel,hindou,Bala,f,Petite|Fille,,
reel,hindou,Balaaditya,m,Jeune|Soleil,,
reel,hindou,Balaji,m,"[un nom de Vishnu]",,
reel,hindou,Balamani,m,Jeune|Joyau,,
fantastic,elfe,Balan,m,"les mâchoires sanglantes",,fantastic
reel,hindou,Balavan,m,Puissant,,
reel,hindou,Balbir,m,Fort,,
reel,hindou,Baldev,m,"[Dieu de la Force]|Fort",,
warcraft,orc,Bale,m,,Prophete,warcraft
fantastic,Nain,Balia,f,"Etoile des profondeurs",,fantastic
fantastic,Nain,Balïn,m,"Cervoise dorée",,fantastic
fantastic,Nain,Balina,f,"Ecu noir",,fantastic
reel,hindou,Balkrishna,m,"[l'Enfant Krishna]",,
warcraft,humain,Ballador,m,,paladin,warcraft
warcraft,mort-vivant,Balnazzar,m,,"Seigneur de L'effroi",warcraft
reel,irlandais,Balor,m,éclair,,
reel,hindou,Balram,m,"[nom du frère de Krishna]",,
fantastic,Nain,Balur,m,"Forge blanche",,fantastic
fantastic,Nain,Balura,f,"Couronne de la terre",,fantastic
reel,hindou,Balwant,m,Fort,,
reel,hindou,Banaj,m,"[lotus|[un nom du lotus]",,
reel,hindou,Banamala,f,"guirlande|fleur|[Guirlande de Cinq Fleurs]",,
reel,irlandais,Banba,f,sanglier|porc,,
reel,irlandais,Banbha,f,,,banda
warcraft,elfe,Bandalar,f,,"gardien du bosquet",warcraft
reel,hindou,Bandana,f,Culte,,
reel,hindou,Bandhu,m,"Ami|[Celui qui Aide]",,
reel,hindou,Bandhula,f,Charmante|Jolie,,
reel,hindou,Bandhura,f,Charmante|Jolie,,
warcraft,humain,Bandis,m,,"Roi de la montagne",warcraft
warcraft,mort-vivant,Banehallow,m,,"Seigneur de L'effroi",warcraft
reel,hindou,Banhi,f,Feu,,
reel,hindou,Banhishikha,f,Flamme,,
reel,hindou,Banita,f,Femme,,
reel,hindou,Bankebihari,m,"[un nom de Krishna]",,
reel,hindou,Bankim,m,Courbé,,
reel,hindou,Bankimchandra,m,"lune|[Croissant de Lune]",,
reel,hindou,Bansari,f,flûte,,
reel,hindou,Bansi,m,Flûte,,
reel,hindou,Bansuri,f,flûte,,
reel,irlandais,Baptist,m,immerger,grec,baptizein
reel,français,Baptiste,m,immerger,grec,
fantastic,elfe,Baragund,m,"les mâchoires sanglantes",,fantastic
fantastic,elfe,Barahir,m,"les mâchoires sanglantes",,fantastic
fantastic,Nain,Baran,m,"Sanglier de la caverne",,fantastic
reel,français,Barbe,f,barbare|étrangère,grec,
reel,irlandais,Barbie,f,,,barbra
reel,irlandais,Barbra,f,étrangère,latin,barban
fantastic,Nain,Bardek,m,"Pierre de charbon",,fantastic
fantastic,Nain,Bardin,m,"Couronne tranchante",,fantastic
fantastic,Nain,Bardina,f,"Bouclier hurlant",,fantastic
fantastic,Nain,Bardïne,f,"Glaive magnanime",,fantastic
fantastic,Nain,Bardinna,f,"Charge des braves",,fantastic
fantastic,Nain,Bardore,f,"Pic qui gronde",,fantastic
reel,hindou,Baridbaran,m,"[Couleur de Nuage]",,
reel,hindou,Barindra,m,Océan,,
reel,français,Barnabé,m,,latin,
reel,hindou,Barnali,f,Prisme,,
warcraft,mort-vivant,"Baron Bloodbane",m,,"Chevalier de la mort",warcraft
warcraft,mort-vivant,"Baron Felblade",m,,"Chevalier de la mort",warcraft
warcraft,mort-vivant,"Baron Frostfel",m,,"Chevalier de la mort",warcraft
warcraft,mort-vivant,"Baron Morte",m,,"Chevalier de la mort",warcraft
warcraft,mort-vivant,"Baron Perenolde",m,,"Chevalier de la mort",warcraft
reel,hindou,Barsha,f,Pluie,,
reel,irlandais,Bartel,m,fils,araméen,barthélémy
reel,français,Barthélemy,m,,hébreu,
reel,irlandais,Bartley,m,,,bartel
reel,hindou,Baruna,f,"ocean|femme|dieu|[épouse du dieu des Océans]",,
reel,hindou,Baruni,f,"[un nom de la déesse Durga]",,
reel,hindou,Basabi,f,"femme|dieu|[épouse du dieu Indra]",,
reel,hindou,Basanti,f,Printanière,,
reel,français,Basile,m,roi|royal,grec,
reel,français,Bastien,m,honoré,grec,
reel,français,Baudouin,m,audacieux|ami,germanique,
reel,irlandais,Bearach,m,,irlandais,
warcraft,humain,Beasel,m,,"Roi de la montagne",warcraft
reel,français,Béatrice,f,bienheureux,latin,
reel,français,Béatrix,f,bienheureux,latin,
reel,irlandais,Bebhinn,f,,irlandais,beibhinn
reel,irlandais,Bebhionn,f,,irlandais,beibhinn
reel,irlandais,Bebinn,f,,irlandais,beibhinn
reel,irlandais,Bécuma,f,femme|souci,,
reel,irlandais,Bédelia,f,grande|déesse,irlandais,brighid
reel,irlandais,Befind,f,,irlandais,beibhinn
reel,irlandais,Beibhinn,f,femme|douce,,
reel,hindou,Bela,f,Jasmin,,
fantastic,elfe,Beleg,m,"les mâchoires sanglantes",,fantastic
fantastic,elfe,Belegund,m,"les mâchoires sanglantes",,fantastic
reel,hindou,Beli,f,Jasmin,,
reel,nord-amérindien,Bena,f,faisan,,
reel,français,Bénédicte,f,béni,latin,
reel,irlandais,Bénen,m,bénin,latin,bénignus
reel,français,Bénigne,m,,,
reel,français,Benjamin,m,,hébreu,
reel,français,Benoît,m,béni,latin,
fantastic,elfe,Bëor,m,"les mâchoires sanglantes",,fantastic
reel,irlandais,Berach,m,,irlandais,
reel,français,Béranger,m,ours|lance,germanique,
reel,français,Bérangère,f,,germanique,béranger
fantastic,elfe,Bereg,m,"les mâchoires sanglantes",,fantastic
fantastic,elfe,Beren,m,"les mâchoires sanglantes",,fantastic
reel,français,Bernadette,f,,germanique,bernard
reel,français,Bernard,m,"ours | fort",germanique,
reel,français,Berthe,f,,,
reel,français,Bertrand,m,corbeau|brillant,germanique,
reel,irlandais,Bethach,m,bouleau,,
reel,français,Beuve,f,,,
reel,irlandais,Bevin,f,,irlandais,beibhinn
reel,hindou,Bhadra,f,Douce,,
reel,hindou,Bhadraksh,m,"yeux|[aux Beaux Yeux]",,
reel,hindou,Bhagavan,m,"[Celui qui est béni]",,
reel,hindou,Bhagirat,m,"[personnage qui apporta le Gange sur terre]",,
reel,hindou,Bhagirathi,f,Gange,,
reel,hindou,Bhagvanti,f,Chanceuse,,
reel,hindou,Bhagya,f,Chanceuse,,
reel,hindou,Bhagyaraj,m,"roi|foi|[Roi de la Foi]",,
reel,hindou,Bhagyashri,f,Chanceuse,,
reel,hindou,Bhairavi,f,"[un autre nom de Durga]",,
reel,hindou,Bhakti,f,Dévotion,,
reel,hindou,Bhamini,f,Jolie|Femme,,
reel,hindou,Bhanu,f,"soleil|[un nom du Soleil]",,
reel,hindou,Bhanudas,m,"devot|[dévot du Soleil]",,
reel,hindou,Bhanumati,f,Brillante,,
reel,hindou,Bhanuprasad,m,"[Don du Soleil]",,
reel,hindou,Bhanupriya,f,Aimée|Soleil,,
reel,hindou,Bharat,m,"Maintenu|Soutenu|[ancêtre des héros du Mahâbhârata]",,
reel,hindou,Bharati,f,"[un nom de la déesse Sarasvati]",,
reel,hindou,Bharavi,f,Basilic,,
reel,hindou,Bhargavi,f,"[noms de la déesse Parvati]",,
reel,hindou,Bhaskar,m,"Faiseur|Lumière|[un des noms du Soleil]",,
reel,hindou,Bhavana,f,Méditation|Pensée|Sentiment,,
reel,hindou,Bhavani,f,"[un nom de la déesse Parvati]",,
reel,hindou,Bhavesh,m,"seigneur|monde|[Seigneur du Monde]",,
reel,hindou,Bhavika,f,Fidèle|Dévote,,
reel,hindou,Bhavini,f,"[noms de la déesse Parvati]",,
reel,hindou,Bhavya,f,"Splendide|[un nom de Parvati]",,
reel,hindou,Bheru,m,Ami,,
reel,hindou,Bhima,m,"Terrible|[un des héros du Mahâbhârata]",,
reel,hindou,Bhishma,m,"Terrible|[un des héros du Mahâbhârata]",,
reel,hindou,Bhisvajit,m,"dirige|monde|[Celui qui dirige le Monde]",,
reel,hindou,Bhrigu,m,"Feu|crépitant|sage|[nom d'un grand sage]",,
reel,hindou,Bhudev,m,"seigneur|terre|[Seigneur de la Terre]",,
reel,hindou,Bhumi,f,"Terre|[shakti (énergie divine) de Vishnu]",,
reel,hindou,Bhumik,m,Propriétaire|terrien,,
reel,hindou,Bhumika,f,"Terre|[shakti (énergie divine) de Vishnu]",,
reel,hindou,Bhupal,m,Roi,,
reel,hindou,Bhupendra,m,Empereur,,
reel,hindou,Bhushan,m,Ornement,,
reel,hindou,Bhutayna,f,Terre|fertile,,
reel,hindou,Bhuvan,m,Paradis,,
reel,hindou,Bhuvi,f,Paradis,,
reel,hindou,Bibek,m,Conscience,,
reel,hindou,Bibhavasu,m,Soleil|Feu,,
reel,irlandais,Bicelmos,m,petit|enchantement,celtique,bec-fhelmas
reel,irlandais,Biddy,f,,irlandais,brighid
reel,irlandais,Bidelia,f,,irlandais,brighid
fantastic,Nain,Bifane,f,"Paix des neiges",,fantastic
fantastic,Nain,Bifen,m,"Pic rouge",,fantastic
fantastic,Nain,Bifena,f,"Etoile noire",,fantastic
fantastic,Nain,Bifi,m,"Ecu du dragon",,fantastic
fantastic,Nain,Bifie,f,"Pierre noire",,fantastic
fantastic,Nain,Bifilin,m,"Marteau magnanime",,fantastic
fantastic,Nain,Bifim,m,"Fureur puissante",,fantastic
fantastic,Nain,Bifime,f,"Casque de charbon",,fantastic
fantastic,Nain,Bifïn,m,"Marteau blanc",,fantastic
fantastic,Nain,Bifina,f,"Protecteur puissant",,fantastic
fantastic,Nain,Bifinna,f,"Roche de la terre",,fantastic
fantastic,Nain,Bifira,f,"Colère d'acier",,fantastic
fantastic,Nain,Bifome,f,"Pierre blanche",,fantastic
fantastic,Nain,Bifund,m,"Marteau des profondeurs",,fantastic
reel,hindou,Bijal,f,Éclair,,
reel,hindou,Bijli,f,Éclair,,
reel,hindou,Bikram,m,Exploit,,
reel,hindou,Bimal,m,Pur,,
reel,hindou,Bimala,f,Pure,,
reel,hindou,Binata,f,"epouse|sage|[nom de l'épouse du sage Kasyapa]",,
reel,hindou,Bindu,f,Point|Goutte,,
reel,hindou,Bindusar,m,Perle,,
reel,irlandais,Binne,f,douce,,
reel,hindou,Binodini,f,Élégante,,
reel,hindou,Bipasha,f,rivière,,
reel,hindou,Bipin,m,Forêt,,
reel,hindou,Bir,m,Courageux,,
reel,hindou,Birbal,m,Brave|Coeur,,
reel,hindou,Bishakha,f,étoile,,
fantastic,Nain,Bisur,m,"Couronne des profondeurs",,fantastic
reel,irlandais,Bith,m,monde,,
reel,irlandais,Blai,m,,irlandais,
reel,français,Blaise,m,bégaie|balbutie,latin,
reel,irlandais,Blaithin,f,,irlandais,blathnat
